0, 0, 0, 0, 0, 0, 0, 0, 0, 0, 0, 0, 0, 0, 0, 0, 0, 0, 0, 0, 0, 0, 
0, 0, 0, 0, 0, 0, 0, 0, 0, 0, 0, 0, 0, 0, 0, 0, 0, 0, 0, 0, 0, 0, 
0, 0, 0, 0, 0, 0, 0, 0, 0, 0, 0, 0, 0, 0, 0, 0, 0, 0, 0, 0, 0, 0, 
0, 0, 0, 0, 0, 0, 0, 0, 0, 0, 0, 0, 0, 0, 0, 0, 0, 0, 0, 0, 0, 0, 
0, 0, 0, 0, 0, 0, 0, 0, 0, 0, 0, 0, 0, 0, 0, 0, 0, 0, 0, 0, 0, 0, 
0, 0, 0, 0, 0, 0, 0, 0, 0, 0, 0, 0, 0, 0, 0, 0, 0, 0, 0, 0, 0, 0, 
0, 0, 0, 0, 0, 0, 0, 0, 0, 0, 0, 0, 0, 0, 0, 0, 0, 0, 0, 0, 0, 0, 
0, 0, 0, 0, 0, 0, 0, 0, 0, 0, 0, 0, 0, 0, 0, 0, 0, 0, 0, 0, 0, 0, 
0, 0, 0, 0, 0, 0, 0, 0, 0, 0, 0, 0, 0, 0, 0, 0, 0, 0, 0, 0, 0, 0, 
0, 0, 0, 0, 0, 0, 0, 0, 0, 0, 0, 0, 0, 0, 0, 0, 0, 0, 0, 0, 0, 0, 
0, 0, 0, 0, 0, 0, 0, 0, 0, 0, 0, 0, 0, 0, 0, 0, 0, 0, 0, 0, 0, 0, 
0, 0, 0, 0, 0, 0, 0, 0, 0, 0, 0, 0, 0, 0, 0, 0, 0, 0, 0, 0, 0, 0, 
0, 0, 0, 0, 0, 0, 0, 0, 0, 0, 0, 0, 0, 0, 0, 0, 0, 0, 0, 0, 0, 0, 
0, 0, 0, 0, 0, 0, 0, 0, 0, 0, 0, 0, 0, 0, 0, 0, 0, 0, 0, 0, 0, 0, 
0, 0, 0, 0, 0, 0, 0, 0, 0, 0, 0, 0, 0, 0, 0, 0, 0, 0, 0, 0, 0, 0, 
0, 0, 0, 0, 0, 0, 0, 0, 0, 0, 0, 0, 0, 0, 0, 0, 0, 0, 0, 0, 0, 0, 
0, 0, 0, 0, 0, 0, 0, 0, 0, 0, 0, 0, 0, 0, 0, 0, 0, 0, 0, 0, 0, 0, 
0, 0, 0, 0, 0, 0, 0, 0, 0, 0, 0, 0, 0, 0, 0, 0, 0, 0, 0, 0, 0, 0, 
0, 0, 0, 0, 0, 0, 0, 0, 0, 0, 0, 0, 0, 0, 0, 0, 0, 0, 0, 0, 0, 0, 
0, 0, 0, 0, 0, 0, 0, 0, 0, 0, 0, 0, 0, 0, 0, 0, 0, 0, 0, 0, 0, 0, 
0, 0, 0, 0, 0, 0, 0, 0, 0, 0, 0, 0, 0, 0, 0, 0, 0, 0, 0, 0, 0, 0, 
0, 0, 0, 0, 0, 0, 0, 0, 0, 0, 0, 0, 0, 0, 0, 0, 0, -1, 0, 0, 0, 0, 
-1, 0, 0, 0, 0, 0, 0, 0, 0, 0, 0, 0, 0, 0, 0, 0, 0, -1, 0, 1, 0, 0, 
0, 0, 0, 0, 0, 0, 0, 0, 0, 0, 0, 0, 0, 0, 0, 0, 0, 0, 0, 1, 0, 0, 
0, 1, 0, 0, 0, 0, 0, 0, 0, 0, 0, 0, 0, 0, 0, 0, 1, 0, 0, 1, 0, 1, 
0, 0, 0, 1, 0, 0, 0, 1, -1, 0, 0, 0, 0, 0, -1, 0, 1, 0, 0, 1, 0, 0, 
0, 1, -1, 1, 0, 0, 0, 1, -1, 0, -1, 0, 0, 0, -1, 0, 1, 0, 0, 0, 0, 1, 
0, 1, -1, 1, 0, 0, 0, 1, 0, 0, -1, 0, 0, 0, -1, 0, 1, 0, 0, 0, 0, 1, 
0, 1, 0, 1, 0, 1, 0, 1, 0, 0, -1, 0, 0, 1, -2, 0, 1, 0, 0, 0, 0, 1, 
0, 1, -1, 1, 0, 1, 0, 1, 0, 0, -1, 0, 0, 0, -2, 1, 1, -1, -1, 1, 0, 1, 
0, 1, -1, 1, 0, 1, 0, 1, -1, 0, -1, 0, 0, 0, -2, 1, 1, 0, -2, 2, 0, 1, 
0, 1, -1, 0, 0, 0, 0, 1, -1, 0, -1, 0, 0, 0, -1, 1, 1, 0, -2, 2, 0, 2, 
1, 1, -1, 0, 0, 0, 0, 2, -2, 0, -1, 0, 1, 1, -1, 2, 2, 0, -1, 2, 0, 2, 
1, 1, -1, 0, 0, 0, 0, 2, -2, 0, -1, 0, 1, 1, -1, 2, 2, 0, -2, 2, 0, 2, 
1, 1, -1, 0, 0, 0, 0, 2, -2, 0, 0, 0, 0, 0, -1, 2, 2, 0, -2, 3, 0, 2, 
1, 1, -1, 0, 0, 0, 0, 2, -2, 0, 0, 0, 0, 0, -1, 2, 2, 0, -2, 3, 0, 2, 
0, 2, -1, -1, 0, 0, 0, 2, -2, 0, -1, 0, 1, 0, -1, 3, 2, 0, -1, 3, 0, 3, 
0, 1, -2, -2, 0, 0, 0, 2, -2, 0, 0, 0, 1, 0, -2, 3, 2, 0, -2, 4, 0, 3, 
1, 1, -2, -2, 0, 0, 0, 2, -2, 0, 0, 0, 0, 0, -2, 3, 2, 1, -1, 4, 0, 2, 
1, 1, -2, -2, 1, 0, 0, 2, -2, 0, 0, 0, 1, 0, -2, 3, 3, 1, -1, 4, 0, 1, 
1, 2, -3, -2, 1, 0, 0, 2, -2, -1, -2, 0, 1, 0, -2, 4, 3, 1, -2, 5, 0, 0, 
2, 2, -3, -2, 0, 0, 0, 2, -2, -1, -1, 0, 0, 0, -2, 4, 2, 3, -1, 5, 0, 0, 
2, 1, -2, -2, 0, 0, 0, 2, -2, 0, -2, 1, 0, 1, -2, 3, 2, 2, -1, 4, 0, 0, 
2, 0, -3, -3, 0, 0, 0, 1, -2, -1, -2, 1, 0, 1, -2, 3, 2, 1, -1, 4, 0, 0, 
0, 0, -3, -3, 1, 0, 0, 2, -2, -1, -2, 0, 0, 0, -2, 3, 1, 1, -1, 3, 0, 0, 
1, 1, -3, -3, 1, -1, 0, 1, -2, -2, -2, 0, 0, 0, -1, 4, 2, 1, -2, 3, 0, 0, 
0, 1, -3, -3, 1, -2, -1, 1, -2, -3, -2, 0, 0, 0, -1, 5, 0, 1, -2, 3, 0, -1, 
0, 1, -3, -3, 1, -2, -1, 2, -3, -2, -2, 0, 0, 0, -1, 4, 0, 2, -3, 3, 0, -1, 
0, 1, -4, -3, 1, -3, 0, 1, -3, -1, -3, 0, 0, 0, -1, 4, 0, 2, -2, 3, 0, 0, 
1, 1, -3, -4, 1, -2, 0, 1, -3, -1, -3, 0, 0, 0, -1, 4, 0, 3, -1, 2, 0, -1, 
1, 2, -3, -3, 1, -2, 0, 2, -2, 0, -4, 0, 0, 0, -1, 3, 0, 3, 0, 2, 0, -1, 
0, 1, -3, -2, 2, -1, 0, 1, -1, 0, -3, 0, 0, 0, -2, 3, 0, 3, 0, 2, 1, -2, 
0, 0, -3, -3, 2, -1, 0, 2, -1, 0, -4, 0, 0, 0, -2, 3, 0, 2, 0, 1, 1, -1, 
0, 0, -2, -2, 2, 0, 0, 1, -1, -1, -4, 0, 0, 0, -2, 3, 0, 2, 0, 2, 0, -1, 
0, 0, -3, -1, 1, -1, -1, 2, -1, -1, -4, 0, 0, 0, -2, 2, 0, 3, 0, 1, 0, -2, 
0, 0, -3, -1, 1, -1, -1, 2, -1, -1, -4, 0, 0, 1, -2, 3, -1, 2, 0, 1, 0, -2, 
0, 0, -3, 0, 1, 0, 0, 1, 0, 0, -5, 0, 0, 1, -2, 3, -1, 2, 0, 2, 0, -3, 
1, 0, -2, 0, 2, -1, 0, 1, -1, 0, -6, 0, 0, 2, -2, 2, -1, 1, 0, 1, 1, -2, 
0, 0, -2, 0, 2, -1, 0, 0, -1, 0, -6, 0, 0, 1, -2, 2, -1, 1, 0, 1, 0, -1, 
0, 0, -1, 0, 1, -1, 0, 1, 0, 0, -6, 0, 0, 1, -2, 2, -1, 0, 0, 1, 0, 0, 
1, 0, 0, 0, 1, 0, -1, 1, -1, 0, -6, 0, 0, 0, -2, 2, -1, 0, 1, 0, 0, 0, 
0, 0, 0, -1, 1, 0, -1, 1, -1, 0, -6, 0, 0, 0, -3, 2, -1, 0, 0, 0, 0, 1, 
1, 1, 0, -1, 1, 0, -1, 1, 0, 0, -7, 0, 0, -1, -2, 2, 0, 0, 0, 0, 0, 1, 
1, 2, 0, 0, 1, 0, -2, 1, 0, 0, -6, 0, 0, 0, -2, 2, 0, 0, 0, 0, 0, 1, 
1, 2, 0, 0, 2, 0, -2, 1, 0, 1, -6, 0, 0, 0, -1, 2, -1, 0, 0, 0, 1, 2, 
1, 2, 0, 0, 1, 0, -2, 1, 0, 2, -6, 2, 0, 0, -1, 2, -1, 1, 1, 1, 1, 2, 
1, 2, 0, 0, 1, 0, -3, 1, 0, 2, -6, 2, 0, 0, -2, 1, 0, 1, 1, 1, 1, 3, 
1, 1, 0, -1, 2, 0, -3, 1, 0, 2, -6, 1, -1, 0, -2, 0, 0, 1, 1, 1, 1, 3, 
1, 0, 0, 0, 1, 1, -3, 1, 1, 2, -5, 2, -1, 0, -1, 1, 0, 0, 0, 2, 2, 2, 
1, 0, 0, 0, 2, 1, -3, 0, 0, 1, -5, 1, -1, 0, -1, 0, 0, 0, 1, 3, 2, 3, 
0, 0, 0, 0, 1, 1, -3, 0, 0, 1, -4, 1, -1, 0, -1, 0, 0, 0, 1, 2, 1, 4, 
1, 1, 0, 0, 0, 1, -4, 0, 0, 0, -4, 1, -2, 0, -1, 0, 0, 0, 0, 2, 2, 4, 
1, 2, 0, 0, 1, 0, -4, 0, 0, 0, -4, 2, -2, 0, -1, 0, 0, 0, 0, 3, 2, 4, 
2, 2, -1, 0, 1, 0, -4, 0, 0, 0, -4, 1, -2, -1, 0, 0, 0, 0, 0, 3, 2, 4, 
1, 1, 0, 0, 1, 1, -3, 0, 0, 0, -4, 1, -2, -1, 0, 0, 0, 0, 0, 3, 3, 5, 
1, 1, 0, 0, 1, 0, -3, 0, 0, 0, -4, 1, -2, -1, 0, 0, 0, 0, 0, 3, 2, 4, 
1, 1, 0, 0, 1, 0, -3, 0, 0, 0, -3, 1, -1, -1, 0, 0, 0, 0, 0, 3, 2, 5, 
0, 1, -1, 0, 1, 1, -3, 0, 0, 0, -2, 1, -1, -1, 0, 0, 0, 1, 0, 4, 2, 4, 
0, 1, 0, 0, 1, 1, -4, 1, 1, 0, -2, 1, -1, -1, 0, 0, 0, 1, 0, 3, 2, 5, 
0, 1, -1, 0, 2, 0, -3, 1, 1, 0, -2, 1, -1, -2, 0, 0, 0, 2, 0, 3, 3, 5, 
0, 1, -2, 1, 2, 0, -2, 1, 1, 1, -1, 1, -1, -1, 0, 0, 0, 3, 0, 4, 3, 6, 
-1, 0, -2, 1, 1, 0, -2, 1, 1, 1, -1, 1, -1, -1, 0, 0, 0, 3, 0, 4, 3, 6, 
-2, 0, -1, 2, 1, -1, -3, 0, 1, 2, 0, 1, -1, -1, 0, 1, 0, 3, 0, 4, 3, 7, 
-3, -1, -2, 2, 1, -1, -3, 1, 1, 2, 0, 1, -1, -2, 0, 1, 1, 3, 0, 4, 4, 7, 
-4, -2, -2, 1, 1, -1, -2, 0, 0, 2, 0, 2, 0, -2, -1, 1, 0, 3, 0, 5, 4, 8, 
-6, -4, -2, 0, 1, -1, -4, 0, 1, 1, 0, 1, 0, -1, -1, 1, 0, 3, -1, 4, 4, 8, 
-7, -4, -2, 0, 1, 0, -4, 0, 1, 1, 0, 0, 0, -2, -1, 1, 0, 3, -1, 4, 5, 8, 
-8, -5, -3, 1, 1, 0, -4, 0, 0, 1, 0, 0, 0, -2, -1, 3, 0, 2, -1, 4, 5, 9, 
-10, -5, -3, 0, 0, -1, -5, 0, 0, 1, 0, 0, 0, -2, -2, 2, 0, 3, -1, 3, 5, 9, 
-11, -6, -4, 0, 0, -1, -5, 0, 0, 2, 0, -1, 0, -2, -2, 2, 0, 3, -2, 3, 6, 10, 
-12, -7, -3, 0, 1, -2, -7, 0, -1, 1, 0, 0, 1, -2, -1, 3, 1, 3, -1, 4, 6, 10, 
-6, -10, -4, -1, 2, -5, -11, 1, -1, 5, -2, 0, 139, -2, -2, 47, 0, 2, 0, 4, 6, 14, 
21, -10, -4, -1, 2, -6, -20, 0, -2, 13, -2, 21, 387, -2, 4, 167, 4, 1, 6, 7, 7, 18, 
49, -11, -4, -1, 3, -7, -30, 0, -3, 18, -4, 46, 632, -2, 12, 288, 10, 1, 10, 9, 6, 23, 
83, -9, -4, 1, 6, -8, -40, -1, -6, 25, -5, 116, 884, 0, 40, 419, 20, 1, 16, 13, 6, 30, 
120, -4, -2, 5, 10, -8, -46, -1, -7, 35, -4, 241, 1149, 8, 101, 552, 31, 1, 20, 15, 7, 39, 
159, 0, 1, 9, 12, -8, -52, -2, -10, 46, 10, 410, 1418, 25, 187, 696, 42, 0, 24, 17, 6, 46, 
200, 5, 4, 12, 16, -8, -58, -4, -11, 58, 30, 586, 1689, 47, 280, 838, 53, 0, 29, 18, 5, 54, 
241, 10, 7, 16, 18, -8, -66, -6, -13, 69, 57, 770, 1961, 73, 378, 982, 63, -1, 33, 19, 4, 62, 
282, 16, 11, 20, 21, -7, -73, -8, -15, 80, 89, 959, 2234, 105, 481, 1125, 74, -2, 37, 19, 3, 69, 
324, 21, 16, 24, 24, -7, -79, -10, -17, 90, 122, 1149, 2508, 136, 585, 1269, 83, -3, 40, 20, 2, 76, 
366, 28, 20, 28, 28, -6, -85, -12, -19, 102, 158, 1344, 2782, 170, 691, 1413, 93, -4, 43, 21, 1, 84, 
409, 35, 24, 32, 31, -5, -90, -13, -21, 114, 193, 1538, 3055, 203, 797, 1557, 103, -5, 47, 22, 0, 91, 
452, 42, 29, 35, 35, -4, -97, -15, -22, 125, 227, 1729, 3328, 235, 901, 1699, 113, -5, 51, 23, -1, 98, 
495, 48, 34, 39, 38, -4, -103, -17, -24, 137, 258, 1918, 3601, 264, 1004, 1843, 124, -6, 55, 22, -3, 106, 
537, 54, 38, 44, 41, -4, -109, -19, -27, 148, 288, 2107, 3872, 292, 1106, 1986, 134, -7, 59, 23, -4, 114, 
579, 61, 43, 48, 45, -4, -114, -21, -29, 160, 320, 2296, 4144, 321, 1208, 2129, 145, -9, 64, 24, -6, 122, 
620, 67, 48, 51, 48, -3, -120, -24, -30, 172, 352, 2487, 4418, 354, 1313, 2272, 155, -9, 68, 24, -7, 129, 
664, 73, 53, 55, 53, -3, -127, -25, -32, 183, 387, 2680, 4691, 387, 1418, 2416, 165, -10, 73, 25, -9, 136, 
706, 80, 58, 59, 56, -3, -133, -27, -32, 194, 421, 2873, 4965, 420, 1524, 2560, 175, -11, 76, 24, -10, 144, 
749, 87, 62, 62, 59, -2, -138, -29, -33, 206, 453, 3062, 5237, 451, 1627, 2702, 186, -11, 78, 24, -12, 152, 
784, 95, 68, 67, 62, 0, -141, -30, -35, 215, 483, 3249, 5371, 479, 1728, 2800, 196, -12, 80, 22, -13, 156, 
797, 101, 72, 72, 65, 0, -140, -33, -37, 218, 513, 3413, 5395, 508, 1823, 2823, 202, -12, 79, 20, -16, 159, 
810, 108, 78, 75, 68, 2, -136, -35, -38, 225, 544, 3575, 5423, 535, 1916, 2844, 206, -12, 78, 17, -17, 162, 
818, 113, 81, 76, 68, 2, -134, -37, -37, 230, 573, 3691, 5442, 559, 1988, 2856, 206, -12, 76, 13, -19, 163, 
822, 113, 84, 75, 69, 3, -134, -38, -39, 231, 598, 3750, 5450, 577, 2026, 2863, 206, -13, 75, 10, -21, 164, 
825, 115, 84, 75, 70, 3, -134, -40, -40, 232, 611, 3767, 5453, 586, 2040, 2863, 205, -12, 75, 7, -22, 165, 
826, 115, 86, 76, 70, 3, -134, -40, -41, 233, 624, 3782, 5455, 596, 2051, 2864, 203, -13, 75, 5, -22, 166, 
828, 116, 86, 75, 71, 3, -134, -40, -41, 233, 629, 3789, 5456, 602, 2057, 2863, 203, -13, 75, 4, -22, 166, 
828, 117, 86, 75, 72, 2, -135, -41, -42, 233, 627, 3788, 5455, 601, 2057, 2863, 203, -13, 75, 3, -23, 167, 
827, 117, 86, 75, 72, 2, -135, -41, -42, 234, 623, 3783, 5453, 598, 2054, 2861, 203, -13, 76, 1, -24, 167, 
827, 117, 85, 74, 73, 2, -136, -42, -42, 235, 614, 3775, 5451, 593, 2050, 2860, 203, -12, 76, 1, -24, 168, 
826, 117, 85, 74, 74, 2, -137, -43, -43, 235, 608, 3767, 5450, 588, 2045, 2858, 202, -13, 77, 0, -25, 169, 
825, 117, 84, 74, 74, 2, -137, -44, -43, 236, 600, 3759, 5450, 583, 2040, 2857, 202, -13, 77, 0, -26, 169, 
825, 117, 83, 74, 75, 2, -138, -44, -43, 236, 591, 3751, 5448, 576, 2035, 2855, 202, -13, 77, -1, -27, 169, 
825, 118, 84, 74, 75, 2, -139, -44, -43, 236, 583, 3742, 5448, 573, 2030, 2854, 201, -13, 77, -1, -28, 169, 
826, 118, 85, 75, 76, 2, -140, -45, -43, 236, 574, 3732, 5446, 567, 2023, 2852, 201, -13, 77, -2, -28, 169, 
827, 118, 86, 75, 76, 2, -141, -44, -43, 237, 564, 3719, 5444, 558, 2014, 2850, 201, -12, 78, -3, -28, 170, 
827, 118, 87, 75, 75, 2, -140, -44, -43, 238, 549, 3704, 5443, 548, 2003, 2847, 201, -13, 78, -3, -28, 170, 
827, 119, 86, 75, 76, 3, -141, -45, -43, 239, 535, 3688, 5439, 537, 1992, 2843, 201, -12, 79, -4, -29, 171, 
827, 119, 86, 75, 77, 3, -141, -45, -43, 240, 518, 3668, 5437, 524, 1978, 2840, 200, -13, 79, -4, -29, 171, 
826, 119, 85, 76, 77, 3, -141, -45, -43, 241, 502, 3644, 5434, 513, 1964, 2836, 199, -12, 80, -4, -29, 173, 
826, 119, 85, 76, 77, 3, -142, -45, -42, 242, 487, 3623, 5433, 501, 1951, 2832, 199, -13, 79, -5, -30, 172, 
824, 120, 84, 76, 77, 3, -143, -45, -42, 243, 474, 3604, 5430, 492, 1939, 2829, 199, -14, 80, -5, -30, 173, 
824, 120, 84, 76, 78, 3, -143, -45, -42, 244, 461, 3586, 5429, 482, 1926, 2826, 199, -14, 80, -5, -30, 173, 
823, 120, 83, 76, 78, 3, -144, -45, -41, 244, 450, 3569, 5427, 473, 1916, 2824, 199, -14, 80, -5, -29, 173, 
823, 120, 84, 76, 78, 3, -145, -45, -41, 244, 437, 3551, 5425, 464, 1905, 2820, 199, -15, 80, -5, -29, 173, 
822, 120, 84, 75, 78, 3, -146, -45, -41, 244, 419, 3527, 5423, 451, 1890, 2816, 199, -15, 80, -5, -30, 173, 
820, 119, 84, 75, 77, 4, -147, -46, -41, 245, 401, 3504, 5420, 436, 1875, 2812, 199, -15, 81, -5, -30, 174, 
820, 119, 84, 76, 77, 4, -147, -46, -40, 246, 384, 3479, 5418, 423, 1859, 2808, 200, -17, 81, -5, -30, 173, 
819, 119, 84, 76, 78, 4, -148, -46, -40, 246, 368, 3455, 5415, 410, 1844, 2804, 199, -17, 80, -5, -29, 174, 
818, 118, 84, 76, 78, 4, -149, -46, -40, 246, 353, 3432, 5413, 398, 1830, 2799, 199, -17, 80, -6, -29, 174, 
817, 118, 85, 76, 78, 3, -150, -46, -39, 247, 337, 3407, 5411, 387, 1813, 2795, 199, -18, 80, -6, -30, 174, 
817, 118, 85, 75, 78, 4, -150, -45, -39, 248, 322, 3384, 5409, 376, 1799, 2792, 199, -18, 81, -6, -28, 174, 
816, 118, 86, 75, 78, 3, -150, -45, -40, 248, 312, 3366, 5407, 368, 1788, 2789, 199, -18, 81, -6, -28, 174, 
815, 118, 85, 75, 78, 3, -150, -46, -40, 249, 302, 3348, 5405, 360, 1777, 2786, 199, -17, 81, -6, -27, 173, 
815, 119, 84, 75, 78, 3, -151, -46, -40, 249, 292, 3330, 5404, 353, 1767, 2782, 200, -18, 81, -6, -27, 175, 
814, 118, 83, 75, 78, 3, -151, -46, -40, 250, 282, 3312, 5402, 345, 1756, 2779, 200, -18, 81, -6, -27, 175, 
813, 118, 82, 75, 79, 3, -153, -45, -40, 250, 273, 3295, 5399, 339, 1746, 2776, 200, -18, 81, -7, -27, 176, 
812, 118, 82, 75, 78, 3, -153, -45, -40, 251, 265, 3280, 5399, 333, 1738, 2773, 199, -18, 82, -7, -25, 176, 
810, 118, 82, 75, 78, 3, -154, -45, -40, 252, 261, 3270, 5398, 331, 1733, 2771, 200, -18, 82, -7, -25, 176, 
809, 117, 81, 75, 79, 3, -154, -45, -40, 252, 259, 3264, 5397, 329, 1729, 2770, 201, -18, 82, -8, -25, 176, 
809, 117, 81, 75, 79, 3, -155, -45, -41, 253, 257, 3257, 5396, 328, 1725, 2768, 201, -18, 83, -7, -24, 177, 
808, 116, 81, 74, 80, 3, -156, -45, -42, 253, 252, 3247, 5395, 325, 1720, 2766, 201, -18, 82, -9, -24, 177, 
808, 116, 81, 74, 80, 4, -157, -45, -42, 253, 245, 3236, 5394, 321, 1714, 2763, 201, -18, 82, -8, -24, 176, 
808, 116, 82, 73, 79, 4, -158, -44, -43, 253, 241, 3226, 5393, 319, 1710, 2761, 201, -19, 82, -8, -24, 177, 
806, 115, 82, 74, 79, 4, -158, -44, -43, 254, 237, 3217, 5392, 316, 1705, 2760, 200, -18, 82, -8, -23, 177, 
805, 114, 82, 74, 79, 4, -158, -43, -42, 254, 234, 3208, 5390, 312, 1698, 2757, 201, -18, 82, -9, -22, 177, 
805, 114, 81, 73, 80, 4, -158, -43, -42, 255, 229, 3198, 5389, 310, 1692, 2755, 201, -18, 82, -9, -22, 177, 
804, 115, 81, 73, 79, 4, -158, -44, -42, 256, 228, 3192, 5389, 307, 1688, 2753, 201, -17, 82, -9, -23, 178, 
804, 114, 81, 74, 78, 4, -158, -44, -43, 256, 224, 3184, 5389, 305, 1683, 2751, 201, -17, 83, -9, -23, 178, 
804, 115, 82, 74, 78, 4, -158, -45, -43, 256, 221, 3176, 5387, 301, 1678, 2750, 201, -17, 84, -9, -24, 178, 
803, 115, 83, 74, 79, 5, -158, -44, -44, 257, 217, 3167, 5385, 298, 1673, 2747, 201, -17, 84, -9, -23, 178, 
803, 114, 84, 74, 79, 5, -158, -44, -43, 257, 214, 3158, 5383, 295, 1667, 2745, 201, -17, 84, -9, -23, 179, 
802, 114, 83, 74, 79, 5, -159, -45, -43, 258, 210, 3147, 5382, 291, 1660, 2742, 201, -17, 84, -10, -23, 179, 
802, 114, 83, 74, 78, 5, -159, -43, -43, 259, 206, 3136, 5381, 287, 1654, 2740, 201, -17, 83, -10, -22, 180, 
801, 113, 83, 74, 78, 5, -159, -44, -43, 260, 202, 3125, 5381, 284, 1647, 2737, 200, -17, 83, -12, -22, 180, 
802, 113, 83, 73, 78, 5, -159, -45, -43, 261, 199, 3117, 5380, 281, 1642, 2735, 200, -18, 83, -12, -22, 179, 
801, 114, 84, 73, 78, 5, -159, -45, -43, 261, 196, 3110, 5379, 279, 1639, 2734, 200, -18, 83, -12, -23, 179, 
801, 114, 83, 72, 79, 4, -159, -45, -44, 261, 193, 3104, 5378, 276, 1635, 2732, 200, -17, 83, -12, -23, 178, 
801, 114, 83, 72, 79, 5, -159, -45, -44, 261, 192, 3101, 5378, 274, 1633, 2732, 200, -17, 83, -11, -23, 178, 
802, 115, 83, 72, 78, 5, -159, -45, -44, 261, 193, 3101, 5379, 274, 1634, 2732, 200, -18, 83, -11, -24, 178, 
802, 115, 84, 72, 78, 4, -158, -45, -43, 261, 195, 3106, 5380, 275, 1638, 2733, 199, -18, 82, -13, -24, 178, 
803, 114, 83, 72, 77, 4, -158, -45, -42, 261, 200, 3115, 5382, 277, 1644, 2735, 200, -18, 82, -11, -25, 178, 
803, 114, 84, 73, 77, 5, -157, -45, -42, 261, 207, 3127, 5384, 282, 1650, 2738, 200, -17, 83, -12, -24, 178, 
804, 115, 84, 73, 78, 4, -157, -46, -41, 262, 211, 3136, 5387, 284, 1656, 2740, 200, -16, 83, -12, -24, 178, 
806, 115, 83, 73, 78, 3, -157, -45, -42, 261, 217, 3145, 5388, 286, 1662, 2741, 201, -17, 83, -12, -24, 177, 
807, 115, 84, 72, 78, 3, -157, -46, -42, 262, 224, 3159, 5391, 291, 1672, 2743, 200, -17, 82, -13, -25, 177, 
808, 115, 84, 72, 78, 3, -158, -46, -42, 262, 232, 3175, 5393, 296, 1681, 2746, 199, -17, 82, -13, -25, 177, 
808, 115, 84, 72, 78, 3, -156, -46, -43, 263, 240, 3190, 5395, 301, 1692, 2749, 199, -17, 81, -13, -24, 177, 
809, 115, 84, 72, 79, 3, -157, -45, -42, 263, 248, 3204, 5397, 306, 1702, 2751, 200, -17, 81, -13, -24, 178, 
810, 116, 83, 72, 79, 3, -157, -45, -43, 264, 253, 3216, 5400, 310, 1710, 2754, 198, -17, 80, -13, -23, 177, 
811, 116, 82, 72, 79, 3, -157, -45, -42, 264, 260, 3230, 5402, 315, 1720, 2756, 199, -16, 80, -13, -23, 177, 
811, 118, 81, 72, 79, 3, -156, -45, -42, 264, 266, 3245, 5406, 319, 1729, 2759, 199, -16, 79, -13, -24, 177, 
811, 119, 81, 72, 79, 3, -155, -45, -43, 264, 271, 3259, 5408, 322, 1739, 2762, 199, -16, 79, -13, -25, 177, 
812, 120, 81, 71, 79, 3, -154, -45, -42, 263, 277, 3272, 5410, 327, 1748, 2766, 199, -17, 79, -12, -25, 177, 
813, 121, 81, 71, 79, 3, -155, -45, -42, 262, 281, 3286, 5411, 330, 1756, 2768, 200, -16, 79, -11, -25, 176, 
813, 121, 81, 71, 79, 3, -155, -45, -42, 262, 285, 3297, 5413, 333, 1764, 2770, 200, -16, 79, -11, -26, 176, 
814, 121, 81, 71, 80, 3, -155, -45, -42, 262, 289, 3306, 5415, 336, 1769, 2772, 201, -16, 79, -12, -25, 176, 
814, 121, 81, 71, 79, 3, -155, -45, -42, 262, 291, 3310, 5416, 337, 1772, 2773, 201, -17, 79, -12, -25, 176, 
816, 122, 81, 71, 79, 3, -154, -46, -42, 262, 292, 3314, 5417, 339, 1775, 2774, 201, -17, 79, -12, -26, 176, 
817, 122, 81, 71, 80, 2, -154, -45, -43, 262, 292, 3314, 5418, 339, 1775, 2774, 200, -17, 79, -12, -26, 175, 
817, 122, 81, 71, 81, 3, -154, -45, -43, 263, 289, 3310, 5418, 337, 1772, 2773, 200, -16, 79, -11, -26, 176, 
817, 122, 82, 71, 82, 2, -154, -45, -43, 263, 285, 3302, 5417, 334, 1766, 2771, 200, -16, 81, -11, -27, 176, 
817, 123, 82, 70, 81, 2, -154, -45, -43, 263, 280, 3294, 5415, 331, 1761, 2769, 199, -16, 81, -11, -27, 177, 
816, 124, 81, 70, 82, 3, -154, -45, -43, 263, 276, 3286, 5414, 329, 1756, 2767, 199, -17, 81, -11, -27, 177, 
815, 124, 81, 70, 82, 3, -153, -46, -43, 264, 270, 3276, 5413, 327, 1750, 2765, 199, -17, 81, -12, -27, 178, 
815, 124, 82, 71, 82, 4, -153, -46, -44, 264, 262, 3262, 5410, 321, 1741, 2763, 199, -17, 82, -11, -26, 178, 
815, 124, 82, 71, 81, 4, -152, -46, -43, 265, 254, 3248, 5409, 317, 1734, 2760, 199, -17, 82, -11, -26, 179, 
814, 125, 82, 71, 81, 4, -153, -46, -43, 265, 246, 3232, 5406, 312, 1724, 2757, 199, -17, 82, -10, -26, 179, 
813, 125, 82, 71, 81, 4, -152, -47, -44, 264, 239, 3219, 5404, 308, 1715, 2755, 200, -18, 83, -11, -26, 179, 
813, 126, 82, 71, 80, 4, -152, -45, -43, 265, 234, 3209, 5402, 304, 1709, 2752, 201, -18, 83, -11, -26, 179, 
813, 125, 82, 71, 80, 4, -152, -45, -44, 265, 230, 3203, 5401, 302, 1704, 2752, 200, -18, 83, -11, -26, 178, 
814, 125, 83, 71, 81, 4, -152, -45, -44, 265, 227, 3196, 5400, 299, 1700, 2751, 200, -18, 84, -10, -25, 178, 
814, 125, 82, 72, 81, 4, -153, -44, -43, 265, 222, 3184, 5398, 297, 1692, 2748, 201, -17, 84, -11, -25, 178, 
814, 124, 82, 72, 81, 4, -153, -45, -43, 265, 218, 3173, 5397, 294, 1685, 2746, 201, -16, 85, -11, -25, 178, 
813, 124, 82, 72, 80, 5, -152, -45, -44, 264, 213, 3162, 5395, 291, 1678, 2744, 200, -17, 84, -12, -25, 179, 
812, 125, 82, 71, 81, 5, -152, -45, -45, 264, 208, 3150, 5394, 286, 1670, 2742, 200, -17, 84, -12, -25, 179, 
812, 125, 81, 71, 81, 5, -152, -45, -45, 265, 204, 3138, 5393, 283, 1663, 2740, 200, -17, 85, -12, -25, 179, 
812, 125, 82, 72, 81, 5, -152, -46, -44, 265, 200, 3127, 5391, 280, 1657, 2738, 199, -16, 85, -11, -24, 180, 
811, 125, 82, 72, 81, 5, -152, -45, -44, 265, 195, 3113, 5389, 276, 1648, 2736, 200, -16, 85, -11, -24, 180, 
810, 126, 83, 72, 80, 4, -152, -46, -43, 265, 190, 3102, 5388, 274, 1640, 2734, 200, -16, 85, -11, -24, 180, 
810, 125, 83, 72, 79, 4, -153, -46, -43, 266, 184, 3086, 5385, 270, 1631, 2732, 200, -17, 85, -12, -23, 180, 
809, 127, 82, 72, 79, 5, -153, -46, -43, 266, 179, 3074, 5383, 267, 1623, 2730, 201, -17, 84, -12, -22, 180, 
809, 127, 82, 72, 80, 4, -152, -47, -43, 267, 176, 3062, 5382, 264, 1617, 2728, 201, -17, 84, -12, -22, 179, 
809, 127, 82, 72, 79, 4, -152, -47, -44, 267, 170, 3051, 5381, 261, 1609, 2727, 201, -17, 84, -12, -22, 180, 
809, 127, 82, 73, 80, 5, -153, -47, -43, 267, 166, 3040, 5380, 258, 1603, 2725, 201, -17, 84, -11, -22, 180, 
809, 126, 82, 73, 80, 4, -153, -47, -42, 269, 162, 3025, 5381, 254, 1596, 2722, 201, -17, 84, -12, -23, 181, 
807, 127, 81, 73, 79, 4, -153, -47, -42, 278, 156, 3005, 5390, 250, 1589, 2711, 201, -17, 83, -12, -23, 180, 
806, 126, 80, 73, 79, 4, -152, -47, -42, 279, 150, 2985, 5386, 245, 1564, 2705, 201, -17, 85, -12, -23, 180, 
803, 126, 79, 73, 80, 2, -153, -46, -42, 275, 142, 2934, 5371, 236, 1522, 2701, 198, -17, 87, -13, -23, 181, 
798, 124, 76, 71, 81, 2, -154, -47, -42, 271, 132, 2878, 5353, 227, 1475, 2697, 197, -17, 91, -14, -23, 183, 
789, 123, 72, 66, 80, 1, -155, -47, -41, 266, 121, 2759, 5309, 213, 1407, 2694, 193, -17, 95, -16, -22, 185, 
772, 117, 66, 59, 76, 0, -159, -47, -40, 266, 109, 2616, 5248, 198, 1330, 2682, 186, -17, 96, -18, -22, 185, 
753, 112, 61, 50, 73, 0, -164, -47, -38, 273, 100, 2473, 5198, 186, 1253, 2660, 176, -18, 96, -20, -19, 182, 
733, 104, 56, 41, 69, -2, -171, -46, -37, 276, 90, 2331, 5145, 172, 1177, 2639, 167, -18, 95, -23, -18, 179, 
715, 99, 51, 34, 67, -3, -174, -46, -35, 274, 82, 2190, 5088, 159, 1102, 2625, 158, -17, 96, -24, -17, 175, 
696, 91, 46, 26, 62, -5, -178, -45, -34, 270, 73, 2048, 5031, 147, 1027, 2608, 149, -16, 97, -27, -16, 172, 
673, 81, 41, 17, 59, -7, -185, -44, -32, 267, 65, 1907, 4971, 134, 950, 2582, 139, -16, 100, -30, -14, 175, 
644, 72, 37, 10, 56, -10, -193, -42, -32, 261, 57, 1759, 4873, 121, 871, 2535, 130, -16, 108, -33, -14, 195, 
611, 63, 31, 4, 53, -12, -199, -42, -31, 255, 49, 1614, 4766, 109, 795, 2477, 120, -16, 118, -35, -11, 217, 
565, 45, 24, -2, 49, -15, -213, -42, -32, 247, 42, 1467, 4644, 96, 718, 2404, 110, -17, 129, -37, -10, 238, 
519, 34, 18, -7, 45, -19, -222, -42, -31, 238, 35, 1323, 4517, 84, 641, 2331, 99, -18, 140, -39, -9, 258, 
469, 18, 12, -11, 42, -23, -232, -42, -32, 226, 26, 1177, 4375, 72, 565, 2251, 87, -19, 153, -44, -9, 279, 
421, 8, 8, -14, 39, -24, -235, -40, -31, 213, 18, 1030, 4223, 60, 487, 2166, 77, -18, 167, -48, -8, 302, 
367, -1, 2, -18, 37, -26, -238, -39, -30, 203, 11, 884, 4037, 48, 409, 2060, 66, -18, 179, -51, -5, 322, 
309, -12, -3, -25, 32, -30, -244, -37, -29, 207, 3, 737, 3823, 35, 331, 1946, 56, -18, 191, -54, -3, 344, 
250, -21, -8, -32, 28, -32, -248, -36, -27, 213, -2, 595, 3574, 23, 255, 1826, 47, -18, 201, -56, 1, 367, 
189, -30, -13, -39, 25, -36, -253, -34, -26, 193, -7, 457, 3310, 13, 177, 1712, 36, -18, 213, -57, 5, 392, 
129, -38, -18, -45, 21, -38, -256, -33, -24, 181, -12, 321, 3060, 4, 118, 1595, 26, -16, 222, -59, 8, 416, 
71, -46, -23, -53, 16, -39, -255, -32, -22, 174, -13, 217, 2814, -1, 79, 1472, 17, -15, 224, -63, 11, 414, 
14, -56, -24, -58, 12, -41, -255, -31, -21, 167, -14, 116, 2570, -5, 41, 1346, 7, -15, 221, -67, 14, 408, 
-38, -68, -25, -60, 9, -44, -256, -31, -21, 158, -15, 75, 2350, -8, 22, 1217, 0, -18, 217, -69, 15, 402, 
-85, -77, -25, -61, 8, -46, -255, -31, -21, 145, -16, 57, 2146, -8, 12, 1097, -5, -19, 215, -72, 15, 398, 
-129, -86, -26, -58, 7, -49, -252, -30, -22, 126, -17, 45, 1931, -10, 6, 987, -7, -20, 215, -75, 14, 399, 
-171, -93, -27, -56, 7, -51, -247, -30, -23, 110, -18, 34, 1719, -11, 0, 877, -9, -21, 215, -77, 14, 400, 
-216, -101, -27, -55, 6, -53, -243, -29, -23, 100, -18, 23, 1512, -11, -5, 761, -11, -22, 215, -79, 15, 404, 
-259, -107, -28, -53, 5, -55, -237, -30, -25, 91, -19, 13, 1304, -11, -11, 647, -13, -24, 215, -80, 17, 407, 
-298, -111, -28, -51, 4, -56, -230, -31, -26, 81, -19, 5, 1098, -12, -15, 542, -15, -25, 211, -82, 16, 402, 
-330, -115, -30, -51, 3, -57, -224, -32, -26, 74, -20, 2, 931, -12, -17, 457, -17, -26, 201, -84, 16, 381, 
-355, -117, -30, -49, 4, -56, -217, -31, -26, 67, -20, 0, 772, -13, -19, 383, -18, -27, 188, -86, 14, 356, 
-366, -111, -28, -47, 6, -55, -203, -30, -25, 62, -20, 0, 629, -13, -19, 323, -19, -26, 174, -88, 14, 331, 
-378, -110, -27, -45, 7, -54, -193, -28, -25, 58, -19, 0, 492, -12, -19, 263, -20, -25, 159, -90, 14, 306, 
-383, -104, -25, -45, 8, -52, -181, -27, -23, 57, -18, 0, 370, -11, -19, 210, -19, -24, 142, -89, 14, 280, 
-391, -106, -26, -45, 8, -53, -178, -27, -22, 57, -19, 0, 255, -12, -21, 162, -19, -25, 123, -89, 14, 253, 
-393, -107, -26, -44, 9, -52, -174, -27, -22, 55, -19, -1, 175, -12, -22, 134, -20, -25, 108, -90, 12, 228, 
-391, -105, -23, -42, 12, -51, -166, -27, -23, 38, -19, -1, 123, -12, -22, 115, -20, -25, 92, -92, 11, 200, 
-388, -106, -23, -38, 13, -51, -161, -26, -23, 17, -19, -2, 105, -12, -23, 103, -21, -25, 77, -94, 7, 172, 
-381, -105, -22, -35, 15, -50, -154, -27, -24, 15, -18, -3, 92, -11, -24, 93, -21, -26, 62, -96, 3, 144, 
-374, -106, -21, -32, 17, -49, -148, -26, -25, 13, -18, -2, 80, -11, -25, 82, -22, -26, 47, -97, 1, 114, 
-369, -106, -20, -27, 19, -48, -145, -26, -25, 11, -19, -4, 73, -13, -25, 74, -22, -27, 38, -97, 0, 109, 
-364, -103, -19, -23, 21, -48, -141, -25, -25, 10, -19, -4, 69, -13, -25, 69, -22, -26, 34, -95, -1, 110, 
-356, -98, -18, -19, 24, -46, -134, -24, -24, 11, -18, -3, 66, -12, -23, 65, -21, -24, 30, -95, -2, 109, 
-348, -90, -17, -16, 26, -44, -128, -22, -23, 11, -17, -2, 64, -12, -21, 61, -19, -22, 26, -94, -2, 108, 
-340, -83, -15, -12, 29, -41, -122, -21, -22, 11, -17, -1, 63, -12, -21, 57, -18, -21, 23, -93, -2, 106, 
-332, -76, -14, -9, 32, -39, -116, -20, -21, 11, -16, 0, 61, -11, -20, 54, -18, -20, 19, -92, -2, 102, 
-324, -70, -13, -5, 35, -37, -112, -19, -21, 11, -16, 0, 59, -11, -19, 50, -18, -19, 14, -91, -3, 97, 
-317, -65, -11, -1, 38, -35, -109, -18, -18, 12, -14, 1, 57, -10, -18, 46, -17, -18, 9, -90, -4, 92, 
-308, -58, -10, 2, 41, -34, -104, -16, -18, 12, -14, 2, 57, -8, -16, 43, -16, -17, 5, -89, -5, 88, 
-302, -53, -8, 5, 44, -33, -100, -15, -17, 13, -12, 3, 57, -9, -15, 41, -14, -16, 2, -87, -4, 86, 
-299, -50, -6, 6, 45, -33, -97, -14, -16, 12, -12, 5, 55, -8, -16, 39, -15, -14, 1, -87, -4, 83, 
-297, -48, -7, 8, 46, -32, -95, -14, -15, 12, -11, 6, 55, -7, -16, 38, -15, -14, 0, -86, -3, 82, 
-295, -46, -7, 8, 48, -31, -92, -14, -15, 12, -11, 6, 53, -7, -16, 37, -14, -14, 0, -85, -3, 82, 
-294, -44, -6, 10, 48, -31, -90, -14, -15, 13, -11, 6, 52, -8, -15, 37, -14, -13, 0, -85, -2, 82, 
-293, -42, -5, 9, 48, -31, -87, -14, -14, 12, -10, 6, 51, -8, -14, 36, -14, -13, 0, -85, -2, 82, 
-292, -40, -5, 10, 48, -30, -84, -13, -14, 11, -10, 6, 50, -7, -14, 34, -14, -12, -1, -85, -1, 81, 
-290, -37, -6, 11, 49, -29, -81, -13, -14, 11, -10, 6, 50, -6, -14, 33, -14, -12, -1, -84, -2, 82, 
-289, -35, -6, 11, 49, -27, -79, -13, -14, 12, -10, 7, 49, -5, -14, 33, -15, -11, -1, -85, -1, 81, 
-289, -34, -6, 11, 50, -27, -77, -12, -13, 12, -10, 7, 49, -6, -14, 32, -15, -11, 0, -85, 0, 81, 
-289, -32, -6, 12, 50, -26, -75, -13, -13, 10, -11, 7, 48, -6, -13, 31, -14, -12, -1, -85, 0, 83, 
-289, -32, -5, 12, 50, -27, -74, -13, -13, 11, -11, 7, 48, -4, -14, 30, -13, -11, -1, -86, 0, 83, 
-288, -32, -6, 12, 51, -26, -73, -13, -13, 10, -11, 8, 47, -4, -15, 29, -14, -12, -1, -86, 0, 83, 
-287, -32, -5, 14, 52, -25, -73, -13, -13, 10, -10, 8, 46, -5, -15, 28, -14, -12, -1, -86, 0, 83, 
-288, -33, -5, 15, 52, -24, -72, -13, -13, 9, -9, 8, 44, -4, -15, 28, -15, -13, -1, -86, 0, 83, 
-288, -33, -5, 15, 52, -25, -71, -13, -13, 9, -9, 8, 43, -4, -16, 27, -14, -12, -1, -85, -1, 83, 
-288, -33, -5, 15, 51, -25, -71, -14, -13, 9, -8, 8, 42, -4, -16, 26, -13, -13, -2, -85, -1, 84, 
-288, -33, -5, 15, 51, -25, -71, -14, -13, 9, -8, 9, 42, -5, -17, 25, -13, -13, -2, -85, -1, 84, 
-288, -33, -5, 15, 51, -26, -70, -14, -14, 9, -9, 8, 42, -5, -17, 24, -13, -13, -2, -85, 0, 84, 
-288, -33, -5, 15, 51, -26, -69, -14, -13, 9, -8, 8, 41, -5, -17, 24, -13, -12, -2, -83, 0, 84, 
-288, -31, -5, 15, 51, -25, -68, -14, -13, 9, -7, 8, 39, -4, -17, 23, -13, -12, -3, -83, 0, 84, 
-287, -30, -4, 17, 52, -24, -65, -14, -13, 10, -7, 8, 39, -3, -16, 23, -13, -12, -3, -83, 0, 85, 
-286, -27, -3, 17, 51, -23, -62, -14, -13, 10, -7, 8, 39, -4, -15, 23, -13, -11, -3, -83, 0, 85, 
-284, -24, -2, 17, 51, -22, -60, -14, -12, 10, -7, 8, 39, -4, -15, 23, -12, -11, -3, -84, 0, 83, 
-283, -22, -2, 16, 52, -21, -58, -13, -12, 9, -6, 9, 38, -3, -15, 23, -13, -11, -2, -84, 0, 81, 
-282, -21, -1, 17, 52, -20, -56, -12, -12, 10, -6, 9, 38, -3, -15, 23, -13, -10, -2, -85, 0, 81, 
-282, -19, -1, 18, 52, -20, -54, -12, -12, 11, -6, 9, 38, -4, -15, 23, -12, -10, -2, -85, 0, 81, 
-281, -18, -1, 18, 52, -21, -53, -12, -10, 11, -6, 10, 37, -3, -15, 23, -12, -10, -3, -85, 0, 79, 
-280, -16, 0, 19, 52, -20, -51, -12, -10, 10, -6, 10, 37, -3, -15, 21, -11, -10, -3, -85, 0, 79, 
-279, -16, 0, 20, 52, -20, -50, -13, -10, 10, -6, 10, 37, -3, -15, 21, -11, -10, -4, -85, 0, 78, 
-278, -14, 0, 20, 52, -20, -48, -12, -9, 12, -4, 10, 36, -3, -15, 21, -11, -10, -5, -84, 0, 77, 
-277, -13, 0, 20, 53, -19, -47, -12, -9, 11, -4, 9, 36, -3, -15, 21, -11, -9, -5, -83, 0, 77, 
-277, -11, 0, 20, 53, -20, -45, -11, -8, 12, -4, 9, 36, -3, -15, 20, -11, -9, -6, -82, 0, 76, 
-276, -9, 1, 20, 53, -20, -44, -11, -7, 12, -4, 9, 35, -3, -16, 20, -11, -8, -6, -81, 0, 77, 
-275, -8, 2, 21, 53, -20, -42, -11, -7, 12, -4, 9, 35, -3, -16, 19, -12, -8, -6, -81, 0, 77, 
-275, -6, 2, 21, 53, -19, -42, -11, -6, 12, -4, 9, 36, -4, -15, 19, -13, -8, -7, -82, 1, 77, 
-274, -7, 2, 21, 53, -20, -41, -11, -6, 12, -4, 9, 36, -4, -15, 19, -13, -8, -7, -82, 1, 76, 
-273, -6, 2, 21, 53, -20, -40, -10, -5, 12, -4, 8, 35, -4, -15, 18, -14, -9, -7, -82, 1, 76, 
-273, -5, 1, 21, 53, -19, -39, -10, -5, 12, -4, 9, 35, -3, -16, 18, -14, -8, -7, -83, 1, 76, 
-273, -5, 1, 21, 53, -18, -40, -11, -5, 12, -4, 9, 33, -3, -17, 18, -14, -8, -7, -84, 0, 77, 
-272, -5, 2, 21, 53, -18, -39, -10, -7, 11, -4, 9, 33, -3, -17, 17, -14, -7, -6, -85, 1, 76, 
-272, -5, 1, 21, 53, -18, -39, -10, -7, 11, -4, 9, 32, -4, -17, 17, -14, -7, -6, -85, 1, 75, 
-272, -5, 1, 21, 53, -18, -39, -11, -8, 11, -3, 9, 31, -4, -18, 17, -14, -8, -6, -85, 1, 76, 
-272, -5, 1, 21, 53, -18, -39, -11, -8, 11, -3, 8, 31, -4, -18, 16, -15, -8, -6, -84, 1, 77, 
-272, -6, 1, 22, 53, -18, -39, -11, -8, 11, -3, 7, 30, -3, -19, 15, -14, -8, -6, -83, 1, 79, 
-272, -6, 1, 21, 53, -18, -39, -12, -7, 10, -3, 7, 29, -3, -19, 15, -14, -8, -6, -83, 2, 79, 
-273, -6, 1, 21, 52, -19, -39, -12, -7, 11, -3, 6, 29, -3, -19, 14, -15, -7, -6, -83, 2, 78, 
-273, -7, 2, 21, 52, -18, -39, -12, -7, 11, -2, 5, 28, -4, -18, 13, -15, -8, -6, -82, 3, 79, 
-274, -7, 2, 21, 52, -19, -40, -12, -8, 11, -3, 5, 28, -4, -19, 13, -15, -8, -6, -82, 3, 80, 
-274, -6, 2, 20, 52, -19, -40, -12, -8, 10, -4, 5, 27, -4, -19, 13, -14, -8, -6, -82, 3, 80, 
-274, -6, 2, 20, 53, -18, -40, -13, -8, 10, -4, 5, 26, -3, -19, 13, -15, -7, -6, -82, 3, 80, 
-274, -6, 3, 20, 53, -18, -40, -13, -9, 10, -5, 4, 26, -3, -19, 12, -16, -8, -5, -83, 3, 80, 
-274, -7, 2, 21, 52, -18, -41, -14, -10, 10, -4, 3, 25, -3, -19, 12, -16, -8, -5, -84, 3, 80, 
-274, -7, 1, 21, 52, -18, -41, -14, -11, 10, -4, 4, 24, -3, -19, 12, -17, -10, -5, -85, 3, 79, 
-274, -7, 0, 20, 51, -18, -42, -14, -11, 11, -5, 4, 24, -3, -19, 12, -16, -9, -5, -85, 3, 79, 
-275, -8, 1, 21, 51, -18, -43, -14, -11, 11, -6, 4, 22, -3, -20, 11, -16, -9, -5, -85, 2, 79, 
-275, -8, 1, 21, 51, -17, -43, -14, -11, 10, -6, 3, 22, -3, -20, 11, -15, -8, -5, -85, 3, 80, 
-275, -8, 1, 21, 52, -17, -43, -14, -10, 11, -6, 3, 22, -2, -19, 11, -15, -8, -4, -85, 3, 80, 
-275, -8, 1, 21, 52, -17, -43, -15, -10, 11, -6, 2, 21, -3, -19, 11, -16, -8, -5, -84, 3, 79, 
-276, -8, 1, 22, 52, -17, -43, -14, -11, 11, -5, 2, 21, -4, -19, 11, -15, -9, -5, -84, 3, 79, 
-276, -8, 0, 22, 52, -17, -42, -14, -9, 11, -6, 2, 20, -3, -19, 11, -15, -9, -6, -84, 3, 79, 
-276, -8, 0, 22, 52, -17, -43, -14, -9, 11, -6, 1, 19, -3, -19, 10, -15, -10, -7, -84, 3, 79, 
-277, -8, 1, 22, 52, -17, -42, -13, -8, 11, -7, 0, 19, -3, -20, 10, -15, -9, -7, -84, 3, 80, 
-277, -8, 1, 23, 51, -18, -42, -13, -9, 11, -7, 0, 19, -3, -19, 10, -15, -9, -8, -83, 3, 80, 
-277, -7, 1, 23, 52, -18, -42, -13, -9, 12, -7, 0, 17, -4, -19, 10, -15, -9, -8, -84, 2, 80, 
-277, -7, 1, 23, 51, -17, -42, -12, -9, 11, -6, 0, 17, -4, -19, 9, -16, -9, -8, -84, 2, 80, 
-276, -7, 0, 23, 52, -18, -42, -12, -9, 11, -6, 0, 17, -4, -19, 9, -15, -9, -8, -83, 2, 81, 
-277, -7, 0, 23, 52, -18, -43, -12, -10, 11, -6, 1, 17, -5, -19, 9, -15, -9, -8, -84, 2, 80, 
-276, -6, 0, 23, 52, -18, -43, -11, -10, 11, -6, 1, 16, -4, -19, 10, -15, -9, -9, -84, 2, 80, 
-276, -7, 0, 23, 52, -18, -43, -11, -11, 12, -6, 1, 16, -4, -19, 10, -15, -9, -10, -83, 2, 79, 
-276, -8, 0, 24, 52, -18, -43, -11, -11, 11, -6, 0, 17, -4, -18, 9, -14, -8, -10, -83, 2, 78, 
-276, -8, 0, 24, 52, -19, -43, -11, -12, 11, -5, 1, 17, -4, -18, 9, -14, -8, -11, -83, 2, 79, 
-276, -8, 0, 24, 53, -18, -42, -11, -11, 10, -5, 2, 16, -4, -18, 9, -14, -8, -11, -82, 1, 79, 
-275, -8, 0, 24, 53, -18, -41, -11, -11, 10, -5, 1, 17, -3, -18, 9, -13, -7, -11, -81, 1, 79, 
-275, -8, 0, 23, 54, -18, -40, -12, -10, 10, -5, 2, 16, -3, -18, 9, -13, -7, -11, -80, 1, 79, 
-275, -8, 0, 23, 54, -18, -40, -12, -11, 10, -5, 1, 17, -4, -18, 9, -12, -8, -11, -80, 1, 78, 
-260, -12, -1, 18, 48, -21, -42, -8, -9, 11, -7, 0, 14, -5, -20, 6, -13, -9, -14, -76, 5, 73, 
-245, -15, -3, 13, 42, -24, -45, -4, -7, 11, -8, 0, 12, -7, -21, 4, -15, -10, -16, -72, 9, 67, 
-230, -18, -4, 9, 36, -27, -47, 0, -5, 11, -10, -2, 10, -8, -22, 2, -15, -12, -18, -68, 13, 62, 
-216, -22, -6, 2, 29, -29, -49, 2, -2, 11, -12, -4, 8, -10, -24, 0, -16, -12, -21, -64, 17, 56, 
-201, -26, -7, -2, 22, -32, -52, 6, 0, 11, -13, -4, 6, -12, -25, -2, -17, -14, -22, -61, 20, 51, 
-187, -30, -9, -7, 17, -36, -54, 9, 1, 11, -14, -5, 5, -13, -26, -4, -18, -14, -25, -57, 24, 47, 
-172, -33, -12, -11, 11, -38, -56, 13, 2, 12, -15, -5, 3, -15, -27, -7, -19, -15, -27, -54, 28, 41, 
-157, -37, -13, -17, 5, -41, -58, 17, 5, 12, -16, -6, 0, -16, -28, -9, -20, -17, -29, -51, 32, 36, 
-142, -41, -15, -22, -1, -44, -60, 20, 8, 12, -17, -7, -1, -18, -29, -11, -21, -19, -31, -47, 36, 31, 
-128, -45, -16, -26, -7, -47, -62, 23, 10, 13, -19, -9, -3, -20, -30, -13, -22, -20, -33, -43, 40, 25, 
-114, -48, -18, -32, -13, -50, -65, 27, 12, 13, -20, -11, -5, -22, -31, -16, -25, -21, -35, -40, 45, 20, 
-99, -53, -20, -37, -20, -53, -67, 31, 14, 13, -21, -13, -7, -22, -32, -18, -26, -23, -38, -36, 50, 15, 
-86, -57, -22, -41, -26, -56, -69, 34, 17, 13, -23, -15, -10, -24, -33, -20, -27, -24, -39, -32, 53, 10, 
-71, -60, -23, -45, -32, -59, -71, 39, 20, 14, -24, -17, -12, -27, -35, -22, -27, -25, -40, -29, 57, 5, 
-57, -63, -24, -50, -38, -62, -74, 43, 24, 14, -25, -19, -15, -29, -36, -24, -28, -27, -43, -26, 61, 0, 
-43, -67, -26, -55, -45, -65, -77, 47, 26, 15, -27, -21, -17, -31, -37, -26, -29, -28, -45, -22, 64, -3, 
-28, -71, -29, -59, -51, -68, -79, 51, 29, 16, -28, -22, -19, -32, -39, -28, -31, -29, -48, -20, 68, -8, 
-13, -75, -30, -64, -57, -71, -82, 55, 30, 15, -29, -24, -21, -34, -40, -30, -32, -31, -50, -17, 71, -12, 
0, -78, -33, -69, -63, -74, -84, 59, 32, 16, -31, -25, -23, -36, -41, -32, -34, -33, -53, -14, 75, -18, 
14, -81, -34, -73, -69, -77, -87, 63, 35, 16, -32, -26, -25, -37, -42, -34, -36, -34, -54, -10, 79, -22, 
15, -81, -34, -73, -69, -77, -86, 63, 36, 16, -31, -26, -26, -38, -42, -34, -36, -34, -54, -10, 79, -23, 
14, -81, -35, -74, -69, -77, -86, 64, 36, 16, -31, -27, -27, -38, -42, -34, -36, -33, -54, -10, 77, -22, 
14, -81, -35, -74, -69, -78, -87, 64, 36, 16, -30, -26, -26, -37, -42, -34, -36, -33, -54, -10, 77, -21, 
15, -81, -35, -73, -68, -78, -87, 64, 36, 16, -30, -25, -26, -37, -41, -33, -37, -32, -54, -10, 78, -21, 
15, -81, -35, -73, -69, -77, -86, 64, 36, 17, -30, -25, -26, -36, -41, -33, -38, -33, -54, -10, 78, -21, 
16, -81, -35, -73, -69, -77, -86, 64, 37, 16, -30, -25, -27, -36, -40, -32, -37, -33, -54, -10, 78, -22, 
16, -81, -34, -73, -69, -77, -86, 64, 38, 17, -31, -26, -27, -36, -41, -32, -38, -33, -53, -10, 77, -22, 
15, -82, -34, -72, -68, -78, -87, 64, 38, 16, -31, -25, -25, -36, -41, -32, -38, -33, -53, -9, 77, -22, 
15, -82, -34, -73, -68, -77, -87, 65, 38, 16, -31, -25, -25, -36, -40, -32, -37, -33, -53, -9, 77, -22, 
15, -82, -34, -73, -69, -78, -87, 65, 39, 16, -31, -25, -26, -36, -40, -32, -37, -33, -54, -8, 77, -23, 
15, -82, -33, -72, -69, -78, -86, 66, 40, 16, -31, -25, -26, -35, -40, -32, -36, -33, -53, -8, 76, -22, 
15, -82, -34, -72, -68, -78, -86, 65, 41, 16, -31, -25, -26, -36, -40, -32, -36, -33, -53, -9, 76, -22, 
16, -82, -33, -72, -68, -78, -85, 65, 41, 16, -30, -25, -26, -36, -40, -31, -36, -33, -53, -9, 76, -21, 
16, -83, -34, -73, -68, -78, -85, 65, 41, 16, -31, -25, -26, -36, -41, -32, -36, -33, -53, -9, 76, -21, 
16, -83, -35, -73, -68, -77, -85, 65, 40, 16, -31, -24, -25, -35, -41, -32, -37, -33, -52, -9, 77, -21, 
16, -83, -34, -74, -68, -78, -85, 65, 40, 17, -30, -24, -24, -35, -40, -32, -37, -32, -52, -8, 77, -22, 
16, -82, -33, -75, -68, -79, -84, 65, 40, 16, -30, -24, -24, -35, -40, -32, -37, -33, -52, -7, 77, -22, 
16, -82, -34, -74, -68, -78, -85, 65, 41, 16, -30, -24, -25, -36, -39, -31, -38, -32, -52, -7, 78, -21, 
16, -81, -34, -74, -68, -78, -86, 65, 40, 16, -31, -25, -24, -37, -39, -31, -36, -32, -53, -7, 78, -21, 
16, -82, -33, -74, -69, -78, -86, 65, 40, 16, -31, -25, -24, -37, -39, -31, -36, -32, -54, -7, 78, -22, 
15, -81, -33, -74, -69, -78, -86, 65, 40, 16, -31, -25, -24, -37, -39, -31, -37, -32, -54, -7, 78, -22, 
16, -81, -33, -73, -69, -78, -86, 65, 40, 16, -31, -24, -23, -37, -38, -31, -37, -32, -55, -7, 78, -22, 
16, -81, -32, -73, -69, -79, -85, 65, 40, 16, -32, -25, -23, -38, -39, -31, -37, -32, -55, -7, 78, -23, 
16, -81, -32, -74, -70, -79, -85, 64, 40, 16, -32, -26, -24, -38, -39, -32, -36, -33, -55, -8, 78, -23, 
15, -81, -32, -75, -70, -79, -85, 64, 39, 16, -32, -27, -23, -39, -38, -32, -35, -32, -54, -8, 79, -23, 
